 time[s], u[ft/s], v[ft/s], w[ft/s], p[rad/s], q[rad/s], r[rad/s], xf[ft], yf[ft], zf[ft], e0, ex, ey, ez
   0.0000000000000000      ,   210.00000000000000      ,   0.0000000000000000      ,   0.0000000000000000      ,   0.0000000000000000      ,   0.0000000000000000      ,   0.0000000000000000      ,   0.0000000000000000      ,   0.0000000000000000      ,  -5.0000000000000000      ,  0.99904822158185780      ,   0.0000000000000000      ,   4.3619387365336000E-002 ,   0.0000000000000000     
   1.0000000000000000E-002 ,   209.70356315702222      ,   0.0000000000000000      ,  0.31973871652308566      ,   0.0000000000000000      ,  -5.3481374768643412E-004 ,   0.0000000000000000      ,   2.0906713630861966      ,   0.0000000000000000      ,  -5.1813026906402673      ,  0.99904826054524087      ,   0.0000000000000000      ,   4.3618494947997966E-002 ,   0.0000000000000000     
   2.0000000000000000E-002 ,   209.40760908593165      ,   0.0000000000000000      ,  0.63644996406722820      ,   0.0000000000000000      ,  -2.1222345331449637E-003 ,   0.0000000000000000      ,   4.1786708792168179      ,   0.0000000000000000      ,  -5.3591622922184552      ,  0.99904853140565819      ,   0.0000000000000000      ,   4.3612290655244967E-002 ,   0.0000000000000000     
   2.9999999999999999E-002 ,   209.11188204773569      ,   0.0000000000000000      ,  0.94797935517710707      ,   0.0000000000000000      ,  -4.7316297944483346E-003 ,   0.0000000000000000      ,   6.2640011977710053      ,   0.0000000000000000      ,  -5.5335870531206970      ,  0.99904926030543462      ,   0.0000000000000000      ,   4.3595590180247085E-002 ,   0.0000000000000000     
   4.0000000000000001E-002 ,   208.81615651697186      ,   0.0000000000000000      ,   1.2522569906474719      ,   0.0000000000000000      ,  -8.3258819822028436E-003 ,   0.0000000000000000      ,   8.3466623120556100      ,   0.0000000000000000      ,  -5.7045849176855343      ,  0.99905066540562526      ,   0.0000000000000000      ,   4.3563378571655521E-002 ,   0.0000000000000000     
   5.0000000000000003E-002 ,   208.52024252917104      ,   0.0000000000000000      ,   1.5473101225822017      ,   0.0000000000000000      ,  -1.2861807638705192E-002 ,   0.0000000000000000      ,   10.426651773273017      ,   0.0000000000000000      ,  -5.8721635307690061      ,  0.99905295488579893      ,   0.0000000000000000      ,   4.3510841567980595E-002 ,   0.0000000000000000     
   6.0000000000000005E-002 ,   208.22398990061268      ,   0.0000000000000000      ,   1.8312748557625818      ,   0.0000000000000000      ,  -1.8290609423110893E-002 ,   0.0000000000000000      ,   12.503964965940016      ,   0.0000000000000000      ,  -6.0363302472716267      ,  0.99905632484899531      ,   0.0000000000000000      ,   4.3433394746655508E-002 ,   0.0000000000000000     
   7.0000000000000007E-002 ,   207.92729124574873      ,   0.0000000000000000      ,   2.1024068063633763      ,   0.0000000000000000      ,  -2.4558357277151281E-002 ,   0.0000000000000000      ,   14.578595435460187      ,   0.0000000000000000      ,  -6.1970921455633876      ,  0.99906095718507659      ,   0.0000000000000000      ,   4.3326710334831507E-002 ,   0.0000000000000000     
   8.0000000000000002E-002 ,   207.63008375408896      ,   0.0000000000000000      ,   2.3590906445627247      ,   0.0000000000000000      ,  -3.1606494661059858E-002 ,   0.0000000000000000      ,   16.650535257445121      ,   0.0000000000000000      ,  -6.3544560437300905      ,  0.99906701744897408      ,   0.0000000000000000      ,   4.3186741548896998E-002 ,   0.0000000000000000     
   8.9999999999999997E-002 ,   207.33234972437100      ,   0.0000000000000000      ,   2.5998484574153453      ,   0.0000000000000000      ,  -3.9372365556501511E-002 ,   0.0000000000000000      ,   18.719775437606675      ,   0.0000000000000000      ,  -6.5084285175872179      ,  0.99907465281172925      ,   0.0000000000000000      ,   4.3009744350818162E-002 ,   0.0000000000000000     
   9.9999999999999992E-002 ,   207.03411588845091      ,   0.0000000000000000      ,   2.8233468802758819      ,   0.0000000000000000      ,  -4.7789757745264581E-002 ,   0.0000000000000000      ,   20.786306330611854      ,   0.0000000000000000      ,  -6.6590159194628278      ,  0.99908399014175187      ,   0.0000000000000000      ,   4.2792296531455748E-002 ,   0.0000000000000000     
  0.10999999999999999      ,   206.73545158957705      ,   0.0000000000000000      ,   3.0284029587206009      ,   0.0000000000000000      ,  -5.6789457740262388E-002 ,   0.0000000000000000      ,   22.850118066202000      ,   0.0000000000000000      ,  -6.8062243968345166      ,  0.99909513427143681      ,   0.0000000000000000      ,   4.2531314053762391E-002 ,   0.0000000000000000     
  0.11999999999999998      ,   206.43646590869446      ,   0.0000000000000000      ,   3.2139887178695927      ,   0.0000000000000000      ,  -6.6299812677484610E-002 ,   0.0000000000000000      ,   24.911200971117093      ,   0.0000000000000000      ,  -6.9500599100125804      ,  0.99910816650032941      ,   0.0000000000000000      ,   4.2224064611903450E-002 ,   0.0000000000000000     
  0.12999999999999998      ,   206.13730385743932      ,   0.0000000000000000      ,   3.3792344317361875      ,   0.0000000000000000      ,  -7.6247294479458078E-002 ,   0.0000000000000000      ,   26.969545975912808      ,   0.0000000000000000      ,  -7.0905282481869287      ,  0.99912314338057284      ,   0.0000000000000000      ,   4.1868178385538503E-002 ,   0.0000000000000000     
  0.13999999999999999      ,   205.83814177695510      ,   0.0000000000000000      ,   3.5234306011674983      ,   0.0000000000000000      ,  -8.6557061674804273E-002 ,   0.0000000000000000      ,   29.025144996583528      ,   0.0000000000000000      ,  -7.2276350432936756      ,  0.99914009582362895      ,   0.0000000000000000      ,   4.1461655991403890E-002 ,   0.0000000000000000     
  0.14999999999999999      ,   205.53918209719620      ,   0.0000000000000000      ,   3.6460286645303523      ,   0.0000000000000000      ,  -9.7153514403623048E-002 ,   0.0000000000000000      ,   31.077991281971947      ,   0.0000000000000000      ,  -7.3613857813031300      ,  0.99915902855946848      ,   0.0000000000000000      ,   4.1002873656603836E-002 ,   0.0000000000000000     
  0.16000000000000000      ,   205.24064762176724      ,   0.0000000000000000      ,   3.7466404800124549      ,   0.0000000000000000      , -0.10796083835057242      ,   0.0000000000000000      ,   33.128079719213694      ,   0.0000000000000000      ,  -7.4917858106788309      ,  0.99917991997085542      ,   0.0000000000000000      ,   4.0490585659321593E-002 ,   0.0000000000000000     
  0.17000000000000001      ,   204.94277550854082      ,   0.0000000000000000      ,   3.8250366317819093      ,   0.0000000000000000      , -0.11890353361976139      ,   0.0000000000000000      ,   35.175407090887546      ,   0.0000000000000000      ,  -7.6188403479022453      ,  0.99920272231626817      ,   0.0000000000000000      ,   3.9923924102706523E-002 ,   0.0000000000000000     
  0.18000000000000002      ,   204.64581111644029      ,   0.0000000000000000      ,   3.8811436238955301      ,   0.0000000000000000      , -0.12990692488874889      ,   0.0000000000000000      ,   37.219972279070468      ,   0.0000000000000000      ,  -7.7425544800952091      ,  0.99922736234568232      ,   0.0000000000000000      ,   3.9302396106224574E-002 ,   0.0000000000000000     
  0.19000000000000003      ,   204.35000188416024      ,   0.0000000000000000      ,   3.9150400354844921      ,   0.0000000000000000      , -0.14089764954218637      ,   0.0000000000000000      ,   39.261776413083538      ,   0.0000000000000000      ,  -7.8629331648981129      ,  0.99925374230417563      ,   0.0000000000000000      ,   3.8625878515576778E-002 ,   0.0000000000000000     
  0.20000000000000004      ,   204.05559139764824      ,   0.0000000000000000      ,   3.9269517182013396      ,   0.0000000000000000      , -0.15180412087706799      ,   0.0000000000000000      ,   41.300822959312349      ,   0.0000000000000000      ,  -7.9799812278728881      ,  0.99928174130933123      ,   0.0000000000000000      ,   3.7894610247247162E-002 ,   0.0000000000000000     
  0.21000000000000005      ,   203.76281379042237      ,   0.0000000000000000      ,   3.9172461221235584      ,   0.0000000000000000      , -0.16255696387892746      ,   0.0000000000000000      ,   43.337117753049263      ,   0.0000000000000000      ,  -8.0937033577934105      ,  0.99931121707996684      ,   0.0000000000000000      ,   3.7109182396752496E-002 ,   0.0000000000000000     
  0.22000000000000006      ,   203.47188860485636      ,   0.0000000000000000      ,   3.8864258393210140      ,   0.0000000000000000      , -0.17308942147970563      ,   0.0000000000000000      ,   45.370668973793848      ,   0.0000000000000000      ,  -8.2041041002601887      ,  0.99934200798600337      ,   0.0000000000000000      ,   3.6270526250702553E-002 ,   0.0000000000000000     
  0.23000000000000007      ,   203.18301622409192      ,   0.0000000000000000      ,   3.8351214552489075      ,   0.0000000000000000      , -0.18333772961234926      ,   0.0000000000000000      ,   47.401487066825908      ,   0.0000000000000000      ,  -8.3111878501300147      ,  0.99937393538247343      ,   0.0000000000000000      ,   3.5379899351867188E-002 ,   0.0000000000000000     
  0.24000000000000007      ,   202.89637396391328      ,   0.0000000000000000      ,   3.7640837972463448      ,   0.0000000000000000      , -0.19324145976478385      ,   0.0000000000000000      ,   49.429584615101895      ,   0.0000000000000000      ,  -8.4149588432843441      ,  0.99940680618490541      ,   0.0000000000000000      ,   3.4438869773657947E-002 ,   0.0000000000000000     
  0.25000000000000006      ,   202.61211289242414      ,   0.0000000000000000      ,   3.6741756669867693      ,   0.0000000000000000      , -0.20274382809875577      ,   0.0000000000000000      ,   51.454976166595877      ,   0.0000000000000000      ,  -8.5154211482728162      ,  0.99944041563870678      ,   0.0000000000000000      ,   3.3449298765880389E-002 ,   0.0000000000000000     
  0.26000000000000006      ,   202.33035542335156      ,   0.0000000000000000      ,   3.5663631400649281      ,   0.0000000000000000      , -0.21179197053114163      ,   0.0000000000000000      ,   53.477678023091592      ,   0.0000000000000000      ,  -8.6125786583614907      ,  0.99947455023176057      ,   0.0000000000000000      ,   3.2413321937439718E-002 ,   0.0000000000000000     
  0.27000000000000007      ,   202.05119370687936      ,   0.0000000000000000      ,   3.4417065113602350      ,   0.0000000000000000      , -0.22033718347273024      ,   0.0000000000000000      ,   55.497707997120550      ,   0.0000000000000000      ,  -8.7064350844906215      ,  0.99950899069730770      ,   0.0000000000000000      ,   3.1333329144050584E-002 ,   0.0000000000000000     
  0.28000000000000008      ,   201.77468882063590      ,   0.0000000000000000      ,   3.3013509597324382      ,   0.0000000000000000      , -0.22833513018029691      ,   0.0000000000000000      ,   57.515085144226092      ,   0.0000000000000000      ,  -8.7969939496059588      ,  0.99954351505327377      ,   0.0000000000000000      ,   3.0211943250081242E-002 ,   0.0000000000000000     
  0.29000000000000009      ,   201.50087074332214      ,   0.0000000000000000      ,   3.1465170003076799      ,   0.0000000000000000      , -0.23574601290204830      ,   0.0000000000000000      ,   59.529829478013973      ,   0.0000000000000000      ,  -8.8842585847730096      ,  0.99957790162451299      ,   0.0000000000000000      ,   2.9051997933626578E-002 ,   0.0000000000000000     
  0.30000000000000010      ,   201.22973907488273      ,   0.0000000000000000      ,   2.9784907873923236      ,   0.0000000000000000      , -0.24253471118596029      ,   0.0000000000000000      ,   61.541961675530864      ,   0.0000000000000000      ,  -8.9682321274179060      ,  0.99961193199591525      ,   0.0000000000000000      ,   2.7856514702916557E-002 ,   0.0000000000000000     
  0.31000000000000011      ,   200.96126445044555      ,   0.0000000000000000      ,   2.7986143261525886      ,   0.0000000000000000      , -0.24867088687832875      ,   0.0000000000000000      ,   63.551502780402323      ,   0.0000000000000000      ,  -9.0489175219642775      ,  0.99964539384686346      ,   0.0000000000000000      ,   2.6628679290374564E-002 ,   0.0000000000000000     
  0.32000000000000012      ,   200.69539058075961      ,   0.0000000000000000      ,   2.6082756468090946      ,   0.0000000000000000      , -0.25412905647025397      ,   0.0000000000000000      ,   65.558473910873957      ,   0.0000000000000000      ,  -9.1263175230555049      ,  0.99967808362105870      ,   0.0000000000000000      ,   2.5371817588172849E-002 ,   0.0000000000000000     
  0.33000000000000013      ,   200.43203683975554      ,   0.0000000000000000      ,   2.4088989913457941      ,   0.0000000000000000      , -0.25888863155775399      ,   0.0000000000000000      ,   67.562895979450545      ,   0.0000000000000000      ,  -9.2004347014687209      ,  0.99970980899010942      ,   0.0000000000000000      ,   2.4089371286092523E-002 ,   0.0000000000000000     
  0.34000000000000014      ,   200.17110131027763      ,   0.0000000000000000      ,   2.2019350596900229      ,   0.0000000000000000      , -0.26293392827207901      ,   0.0000000000000000      ,   69.564789430236587      ,   0.0000000000000000      ,  -9.2712714527436511      ,  0.99974039107438317      ,   0.0000000000000000      ,   2.2784873368961473E-002 ,   0.0000000000000000     
  0.35000000000000014      ,   199.91246419207087      ,   0.0000000000000000      ,   1.9888513599928974      ,   0.0000000000000000      , -0.26625414661590330      ,   0.0000000000000000      ,   71.564173999369970      ,   0.0000000000000000      ,  -9.3388300084682925      ,  0.99976966639032938      ,   0.0000000000000000      ,   2.1461923626968010E-002 ,   0.0000000000000000     
  0.36000000000000015      ,   199.65599147177173      ,   0.0000000000000000      ,   1.7711227059813697      ,   0.0000000000000000      , -0.26884332071341716      ,   0.0000000000000000      ,   73.561068503130642      ,   0.0000000000000000      ,  -9.4031124500868497      ,  0.99979748849960093      ,   0.0000000000000000      ,   2.0124164327757002E-002 ,   0.0000000000000000     
  0.37000000000000016      ,   199.40153875291426      ,   0.0000000000000000      ,   1.5502219032727256      ,   0.0000000000000000      , -0.27070024105234652      ,   0.0000000000000000      ,   75.555490657423007      ,   0.0000000000000000      ,  -9.4641207250253814      ,  0.99982372934174457      ,   0.0000000000000000      ,   1.8775256194417222E-002 ,   0.0000000000000000     
  0.38000000000000017      ,   199.14895514473875      ,   0.0000000000000000      ,   1.3276106659099072      ,   0.0000000000000000      , -0.27182834986720339      ,   0.0000000000000000      ,   77.547456931397960      ,   0.0000000000000000      ,  -9.5218566648689080      ,  0.99984828023879335      ,   0.0000000000000000      ,   1.7418854828251173E-002 ,   0.0000000000000000     
  0.39000000000000018      ,   198.89808711174823      ,   0.0000000000000000      ,   1.1047308040361761      ,   0.0000000000000000      , -0.27223561088826309      ,   0.0000000000000000      ,   79.536982437023170      ,   0.0000000000000000      ,  -9.5763220052718605      ,  0.99987105256666686      ,   0.0000000000000000      ,   1.6058587709559799E-002 ,   0.0000000000000000     
  0.40000000000000019      ,   198.64878219132532      ,   0.0000000000000000      ,  0.88299572340964172      ,   0.0000000000000000      , -0.27193435476146194      ,   0.0000000000000000      ,   81.524080855452155      ,   0.0000000000000000      ,  -9.6275184072426523      ,  0.99989197809471531      ,   0.0000000000000000      ,   1.4698031903543613E-002 ,   0.0000000000000000     
  0.41000000000000020      ,   198.40089249408160      ,   0.0000000000000000      ,  0.66378227718780580      ,   0.0000000000000000      , -0.27094110153112533      ,   0.0000000000000000      ,   83.508764400106330      ,   0.0000000000000000      ,  -9.6754474794136271      ,  0.99991100900088681      ,   0.0000000000000000      ,   1.3340692591786964E-002 ,   0.0000000000000000     
  0.42000000000000021      ,   198.15427791071690      ,   0.0000000000000000      ,  0.44842300992240736      ,   0.0000000000000000      , -0.26927636166964158      ,   0.0000000000000000      ,   85.491043815491921      ,   0.0000000000000000      ,  -9.7201108008900210      ,  0.99992811757577238      ,   0.0000000000000000      ,   1.1989982542626045E-002 ,   0.0000000000000000     
  0.43000000000000022      ,   197.90880895973578      ,   0.0000000000000000      ,  0.23819883284539178      ,   0.0000000000000000      , -0.26696441723441550      ,   0.0000000000000000      ,   87.470928409944165      ,   0.0000000000000000      ,  -9.7615099442658284      ,  0.99994329563402296      ,   0.0000000000000000      ,   1.0649202625982752E-002 ,   0.0000000000000000     
  0.44000000000000022      ,   197.66436922209613      ,   0.0000000000000000      ,   3.4332168172841793E-002 ,   0.0000000000000000      , -0.26403308483038551      ,   0.0000000000000000      ,   89.448426119742763      ,   0.0000000000000000      ,  -9.7996464984002927      ,  0.99995655365630709      ,   0.0000000000000000      ,   9.3215234699695251E-003 ,   0.0000000000000000     
  0.45000000000000023      ,   197.42085732142883      ,   0.0000000000000000      , -0.16201940178801499      ,   0.0000000000000000      , -0.26051346215317256      ,   0.0000000000000000      ,   91.423543601389298      ,   0.0000000000000000      ,  -9.8345220905653647      ,  0.99996791968896093      ,   0.0000000000000000      ,   8.0099683477417114E-003 ,   0.0000000000000000     
  0.46000000000000024      ,   197.17818842152965      ,   0.0000000000000000      , -0.34976894753035981      ,   0.0000000000000000      , -0.25643965998021906      ,   0.0000000000000000      ,   93.396286348291795      ,   0.0000000000000000      ,  -9.8661384076010936      ,  0.99997743803174066      ,   0.0000000000000000      ,   6.7173973737201156E-003 ,   0.0000000000000000     
  0.47000000000000025      ,   196.93629522604846      ,   0.0000000000000000      , -0.52790543729049733      ,   0.0000000000000000      , -0.25184852156156040      ,   0.0000000000000000      ,   95.366658827672396      ,   0.0000000000000000      ,  -9.8944972157511035      ,  0.99998516774657520      ,   0.0000000000000000      ,   5.4464930784708168E-003 ,   0.0000000000000000     
  0.48000000000000026      ,   196.69512847835077      ,   0.0000000000000000      , -0.69549838799072305      ,   0.0000000000000000      , -0.24677933143464650      ,   0.0000000000000000      ,   97.334664633207382      ,   0.0000000000000000      ,  -9.9196003788928522      ,  0.99999118102191165      ,   0.0000000000000000      ,   4.1997474212744322E-003 ,   0.0000000000000000     
  0.49000000000000027      ,   196.45465697208351      ,   0.0000000000000000      , -0.85170190061863804      ,   0.0000000000000000      , -0.24127351574563333      ,   0.0000000000000000      ,   99.300306648726576      ,   0.0000000000000000      ,  -9.9414498749255262      ,  0.99999556142813784      ,   0.0000000000000000      ,   2.9794502888221379E-003 ,   0.0000000000000000     
  0.50000000000000022      ,   196.21486709474237      ,   0.0000000000000000      , -0.99575806347125817      ,   0.0000000000000000      , -0.23537433619994050      ,   0.0000000000000000      ,   101.26358721824131      ,   0.0000000000000000      ,  -9.9600478101305985      ,  0.99999840209969448      ,   0.0000000000000000      ,   1.7876795176350424E-003 ,   0.0000000000000000     
  0.51000000000000023      ,   195.97576193724487      ,   0.0000000000000000      ,  -1.1269997120769175      ,   0.0000000000000000      , -0.22912657978533893      ,   0.0000000000000000      ,   103.22450831763254      ,   0.0000000000000000      ,  -9.9753964313744987      ,  0.99999980387885379      ,   0.0000000000000000      ,   6.2629246682287308E-004 ,   0.0000000000000000     
  0.52000000000000024      ,   195.73736001192987      ,   0.0000000000000000      ,  -1.2448525402539030      ,   0.0000000000000000      , -0.22257624640979864      ,   0.0000000000000000      ,   105.18307172350663      ,   0.0000000000000000      ,  -9.9874981360778836      ,  0.99999987345482466      ,   0.0000000000000000      ,  -5.0308084320830910E-004 ,   0.0000000000000000     
  0.53000000000000025      ,   195.49969362934411      ,   0.0000000000000000      ,  -1.3488365625290102      ,   0.0000000000000000      , -0.21577023657295138      ,   0.0000000000000000      ,   107.13927917500688      ,   0.0000000000000000      ,  -9.9963554799298233      ,  0.99999872152989067      ,   0.0000000000000000      ,  -1.5990430214029901E-003 ,   0.0000000000000000     
  0.54000000000000026      ,   195.26280699049840      ,   0.0000000000000000      ,  -1.4385669338749467      ,   0.0000000000000000      , -0.20875604114425644      ,   0.0000000000000000      ,   109.09313252474170      ,   0.0000000000000000      ,  -10.001971182376508      ,  0.99999646104177886      ,   0.0000000000000000      ,  -2.6604330320630512E-003 ,   0.0000000000000000     
  0.55000000000000027      ,   195.02675405588934      ,   0.0000000000000000      ,  -1.5137541382895643      ,   0.0000000000000000      , -0.20158143525351871      ,   0.0000000000000000      ,   111.04463387544295      ,   0.0000000000000000      ,  -10.004348129961297      ,  0.99999320546848192      ,   0.0000000000000000      ,  -3.6863283725951553E-003 ,   0.0000000000000000     
  0.56000000000000028      ,   194.79159625544659      ,   0.0000000000000000      ,  -1.5742035629997448      ,   0.0000000000000000      , -0.19429417821172953      ,   0.0000000000000000      ,   112.99378569948432      ,   0.0000000000000000      ,  -10.003489377634935      ,  0.99998906723840608      ,   0.0000000000000000      ,  -4.6760457293205876E-003 ,   0.0000000000000000     
  0.57000000000000028      ,   194.55740010469017      ,   0.0000000000000000      ,  -1.6198144799124086      ,   0.0000000000000000      , -0.18694172127433697      ,   0.0000000000000000      ,   114.94059093895505      ,   0.0000000000000000      ,  -9.9993981481906165      ,  0.99998415626509030      ,   0.0000000000000000      ,  -5.6291401470804454E-003 ,   0.0000000000000000     
  0.58000000000000029      ,   194.32423479182060      ,   0.0000000000000000      ,  -1.6505784602598501      ,   0.0000000000000000      , -0.17957092493756358      ,   0.0000000000000000      ,   116.88505308458120      ,   0.0000000000000000      ,  -9.9920778300075419      ,  0.99997857862193551      ,   0.0000000000000000      ,  -6.5454027571665895E-003 ,   0.0000000000000000     
  0.59000000000000030      ,   194.09216979831652      ,   0.0000000000000000      ,  -1.6665772521262148      ,   0.0000000000000000      , -0.17222778732420085      ,   0.0000000000000000      ,   118.82717623239959      ,   0.0000000000000000      ,  -9.9815319733081598      ,  0.99997243536849745      ,   0.0000000000000000      ,  -7.4248571162252204E-003 ,   0.0000000000000000     
  0.60000000000000031      ,   193.86127261201290      ,   0.0000000000000000      ,  -1.6679801536524319      ,   0.0000000000000000      , -0.16495718507156301      ,   0.0000000000000000      ,   120.76696511770218      ,   0.0000000000000000      ,  -9.9677642851483697      ,  0.99996582153602687      ,   0.0000000000000000      ,  -8.2677542161641773E-003 ,   0.0000000000000000     
  0.61000000000000032      ,   193.63160658674332      ,   0.0000000000000000      ,  -1.6550409171808151      ,   0.0000000000000000      , -0.15780262798419151      ,   0.0000000000000000      ,   122.70442512636536      ,   0.0000000000000000      ,  -9.9507786233664088      ,  0.99995882527617419      ,   0.0000000000000000      ,  -9.0745662317129432E-003 ,   0.0000000000000000     
  0.62000000000000033      ,   193.40322899664289      ,   0.0000000000000000      ,  -1.6280942214255634      ,   0.0000000000000000      , -0.15080602856060352      ,   0.0000000000000000      ,   124.63956228424644      ,   0.0000000000000000      ,  -9.9305789897154266      ,  0.99995152717318914      ,   0.0000000000000000      ,  -9.8459790781182353E-003 ,   0.0000000000000000     
  0.63000000000000034      ,   193.17618932632703      ,   0.0000000000000000      ,  -1.5875517499721699      ,   0.0000000000000000      , -0.14400748734980792      ,   0.0000000000000000      ,   126.57238322585479      ,   0.0000000000000000      ,  -9.9071695223971812      ,  0.99994399971662407      ,   0.0000000000000000      ,  -1.0582883856505968E-002 ,   0.0000000000000000     
  0.64000000000000035      ,   192.95052783060487      ,   0.0000000000000000      ,  -1.5338979150672718      ,   0.0000000000000000      , -0.13744509494209861      ,   0.0000000000000000      ,   128.50289514397795      ,   0.0000000000000000      ,  -9.8805544882006995      ,  0.99993630692853408      ,   0.0000000000000000      ,  -1.1286367268714076E-002 ,   0.0000000000000000     
  0.65000000000000036      ,   192.72627438937209      ,   0.0000000000000000      ,  -1.4676852658260300      ,   0.0000000000000000      , -0.13115475125200826      ,   0.0000000000000000      ,   130.43110572235318      ,   0.0000000000000000      ,  -9.8507382744308138      ,  0.99992850413652878      ,   0.0000000000000000      ,  -1.1957701086924013E-002 ,   0.0000000000000000     
  0.66000000000000036      ,   192.50344767507340      ,   0.0000000000000000      ,  -1.3895296197326048      ,   0.0000000000000000      , -0.12517000261104755      ,   0.0000000000000000      ,   132.35702305381747      ,   0.0000000000000000      ,  -9.8177253807882572      ,  0.99992063788177965      ,   0.0000000000000000      ,  -1.2598330766224733E-002 ,   0.0000000000000000     
  0.67000000000000037      ,   192.28205464183952      ,   0.0000000000000000      ,  -1.3001049557224449      ,   0.0000000000000000      , -0.11952189705526445      ,   0.0000000000000000      ,   134.28065554663638      ,   0.0000000000000000      ,  -9.7815204113364587      ,  0.99991274594929025      ,   0.0000000000000000      ,  -1.3209863290372204E-002 ,   0.0000000000000000     
  0.68000000000000038      ,   192.06209033728388      ,   0.0000000000000000      ,  -1.2001381062958019      ,   0.0000000000000000      , -0.11423885806855399      ,   0.0000000000000000      ,   136.20201182190357      ,   0.0000000000000000      ,  -9.7421280666613903      ,  0.99990485750635116      ,   0.0000000000000000      ,  -1.3794054342504150E-002 ,   0.0000000000000000     
  0.69000000000000039      ,   191.84353803017061      ,   0.0000000000000000      ,  -1.0904032850998797      ,   0.0000000000000000      , -0.10934657692738536      ,   0.0000000000000000      ,   138.12110060501644      ,   0.0000000000000000      ,  -9.6995531363009029      ,  0.99989699333418636      ,   0.0000000000000000      ,  -1.4352794893480883E-002 ,   0.0000000000000000     
  0.70000000000000040      ,   191.62636963990047      ,   0.0000000000000000      , -0.97171648530501242      ,   0.0000000000000000      , -0.10486792368612997      ,   0.0000000000000000      ,   140.03793061426950      ,   0.0000000000000000      ,  -9.6538004914899602      ,  0.99988916613730694      ,   0.0000000000000000      ,  -1.4888097300894871E-002 ,   0.0000000000000000     
  0.71000000000000041      ,   191.41054644714501      ,   0.0000000000000000      , -0.84492978295091259      ,   0.0000000000000000      , -0.10082287674405366      ,   0.0000000000000000      ,   141.95251044956976      ,   0.0000000000000000      ,  -9.6048750782391092      ,  0.99988138091501144      ,   0.0000000000000000      ,  -1.5402081011668494E-002 ,   0.0000000000000000     
  0.72000000000000042      ,   191.19602005911074      ,   0.0000000000000000      , -0.71092557830255187      ,   0.0000000000000000      ,  -9.7228470844580514E-002 ,   0.0000000000000000      ,   143.86484848417012      ,   0.0000000000000000      ,  -9.5527819107362699      ,  0.99987363537979113      ,   0.0000000000000000      ,  -1.5896957960581749E-002 ,   0.0000000000000000     
  0.73000000000000043      ,   190.98273359793006      ,   0.0000000000000000      , -0.57061080716804058      ,   0.0000000000000000      ,  -9.4098763273746264E-002 ,   0.0000000000000000      ,   145.77495276214484      ,   0.0000000000000000      ,  -9.4975260650373983      ,  0.99986592040807576      ,   0.0000000000000000      ,  -1.6375017756075593E-002 ,   0.0000000000000000     
  0.74000000000000044      ,   190.77062307662385      ,   0.0000000000000000      , -0.42491115311486427      ,   0.0000000000000000      ,  -9.1444817946825005E-002 ,   0.0000000000000000      ,   147.68283090410065      ,   0.0000000000000000      ,  -9.4391126729903885      ,  0.99985822050972895      ,   0.0000000000000000      ,  -1.6838612743291966E-002 ,   0.0000000000000000     
  0.75000000000000044      ,   190.55961892401240      ,   0.0000000000000000      , -0.27476529058377186      ,   0.0000000000000000      ,  -8.9274706998891368E-002 ,   0.0000000000000000      ,   149.58849002333716      ,   0.0000000000000000      ,  -9.3775469163194067      ,  0.99985051430397009      ,   0.0000000000000000      ,  -1.7290143032563897E-002 ,   0.0000000000000000     
  0.76000000000000045      ,   190.34964761789070      ,   0.0000000000000000      , -0.12111918803594113      ,   0.0000000000000000      ,  -8.7593529425578034E-002 ,   0.0000000000000000      ,   151.49193665434825      ,   0.0000000000000000      ,  -9.3128340207839759      ,  0.99984277499086016      ,   0.0000000000000000      ,  -1.7732041579476818E-002 ,   0.0000000000000000     
  0.77000000000000046      ,   190.14063338473318      ,   0.0000000000000000      ,   3.5079500538300334E-002 ,   0.0000000000000000      ,  -8.6403446253627669E-002 ,   0.0000000000000000      ,   153.39317669520258      ,   0.0000000000000000      ,  -9.2449792503189805      ,  0.99983497080913064      ,   0.0000000000000000      ,  -1.8166759400200450E-002 ,   0.0000000000000000     
  0.78000000000000047      ,   189.93249992413419      ,   0.0000000000000000      ,  0.19288692819852163      ,   0.0000000000000000      ,  -8.5703731656315174E-002 ,   0.0000000000000000      ,   155.29221536496357      ,   0.0000000000000000      ,  -9.1739879010582932      ,  0.99982706547289002      ,   0.0000000000000000      ,  -1.8596751003049250E-002 ,   0.0000000000000000     
  0.79000000000000048      ,   189.72517211708464      ,   0.0000000000000000      ,  0.35136840495162808      ,   0.0000000000000000      ,  -8.5490839365940943E-002 ,   0.0000000000000000      ,   157.18905717691916      ,   0.0000000000000000      ,  -9.0998652951460262      ,  0.99981901858154509      ,   0.0000000000000000      ,  -1.9024460114175926E-002 ,   0.0000000000000000     
  0.80000000000000049      ,   189.51857767897368      ,   0.0000000000000000      ,  0.50960357902093445      ,   0.0000000000000000      ,  -8.5758483674121172E-002 ,   0.0000000000000000      ,   159.08370592799679      ,   0.0000000000000000      ,  -9.0226167742452184      ,  0.99981078599910833      ,   0.0000000000000000      ,  -1.9452305771942638E-002 ,   0.0000000000000000     
  0.81000000000000050      ,   189.31264872081485      ,   0.0000000000000000      ,  0.66669142444298846      ,   0.0000000000000000      ,  -8.6497734250531158E-002 ,   0.0000000000000000      ,   160.97616470434940      ,   0.0000000000000000      ,  -8.9422476926637877      ,  0.99980232020083337      ,   0.0000000000000000      ,  -1.9882668860853294E-002 ,   0.0000000000000000     
  0.82000000000000051      ,   189.10732318553693      ,   0.0000000000000000      ,  0.82175501096890169      ,   0.0000000000000000      ,  -8.7697123952342984E-002 ,   0.0000000000000000      ,   162.86643590272283      ,   0.0000000000000000      ,  -8.8587634100313846      ,  0.99979357058683160      ,   0.0000000000000000      ,  -2.0317879151974208E-002 ,   0.0000000000000000     
  0.83000000000000052      ,   188.90254613014977      ,   0.0000000000000000      ,  0.97394603341892694      ,   0.0000000000000000      ,  -8.9342768740318296E-002 ,   0.0000000000000000      ,   164.75452126686068      ,   0.0000000000000000      ,  -8.7721692834778242      ,  0.99978448376389140      ,   0.0000000000000000      ,  -2.0760202912527240E-002 ,   0.0000000000000000     
  0.84000000000000052      ,   188.69827082908216      ,   0.0000000000000000      ,   1.1224490789897426      ,   0.0000000000000000      ,  -9.1418498764042927E-002 ,   0.0000000000000000      ,   166.64042193787839      ,   0.0000000000000000      ,  -8.6824706592834140      ,  0.99977500379813888      ,   0.0000000000000000      ,  -2.1211831142820978E-002 ,   0.0000000000000000     
  0.85000000000000053      ,   188.49445967887024      ,   0.0000000000000000      ,   1.2664856125628745      ,   0.0000000000000000      ,  -9.3905999628947551E-002 ,   0.0000000000000000      ,   168.52413851724842      ,   0.0000000000000000      ,  -8.5896728639930782      ,  0.99976507244240731      ,   0.0000000000000000      ,  -2.1674868493906967E-002 ,   0.0000000000000000     
  0.86000000000000054      ,   188.29108488952829      ,   0.0000000000000000      ,   1.4053176618202130      ,   0.0000000000000000      ,  -9.6784962812476005E-002 ,   0.0000000000000000      ,   170.40567114079030      ,   0.0000000000000000      ,  -8.4937811950089355      ,  0.99975462934319304      ,   0.0000000000000000      ,  -2.2151322914329179E-002 ,   0.0000000000000000     
  0.87000000000000055      ,   188.08812895322848      ,   0.0000000000000000      ,   1.5382511859390933      ,   0.0000000000000000      , -0.10003324415701378      ,   0.0000000000000000      ,   172.28501956185511      ,   0.0000000000000000      ,  -8.3948009106991872      ,  0.99974361223285924      ,   0.0000000000000000      ,  -2.2643096069101306E-002 ,   0.0000000000000000     
  0.88000000000000056      ,   187.88558488622880      ,   0.0000000000000000      ,   1.6646391138052690      ,   0.0000000000000000      , -0.10362702933394034      ,   0.0000000000000000      ,   174.16218324173838      ,   0.0000000000000000      ,  -8.2927372200841170      ,  0.99973195711329221      ,   0.0000000000000000      ,  -2.3151974568627533E-002 ,   0.0000000000000000     
  0.89000000000000057      ,   187.68345624519412      ,   0.0000000000000000      ,   1.7838840400280047      ,   0.0000000000000000      , -0.10754100514732341      ,   0.0000000000000000      ,   176.03716144524898      ,   0.0000000000000000      ,  -8.1875952721818610      ,  0.99971959843751002      ,   0.0000000000000000      ,  -2.3679622039713178E-002 ,   0.0000000000000000     
  0.90000000000000058      ,   187.48175692404024      ,   0.0000000000000000      ,   1.8954405695393381      ,   0.0000000000000000      , -0.11174853552812002      ,   0.0000000000000000      ,   177.90995333930559      ,   0.0000000000000000      ,  -8.0793801451168434      ,  0.99970646929577722      ,   0.0000000000000000      ,  -2.4227572065130962E-002 ,   0.0000000000000000     
  0.91000000000000059      ,   187.28051074208727      ,   0.0000000000000000      ,   1.9988173041737176      ,   0.0000000000000000      , -0.11622184106092108      ,   0.0000000000000000      ,   179.78055809242585      ,   0.0000000000000000      ,  -7.9680968351116430      ,  0.99969250161260326      ,   0.0000000000000000      ,  -2.4797222012459166E-002 ,   0.0000000000000000     
  0.92000000000000060      ,   187.07975083854382      ,   0.0000000000000000      ,   2.0935784673132440      ,   0.0000000000000000      , -0.12093218088571496      ,   0.0000000000000000      ,   181.64897497301484      ,   0.0000000000000000      ,  -7.8537502454981540      ,  0.99967762636059587      ,   0.0000000000000000      ,  -2.5389827767134797E-002 ,   0.0000000000000000     
  0.93000000000000060      ,   186.87951889207457      ,   0.0000000000000000      ,   2.1793451654022507      ,   0.0000000000000000      , -0.12585003582707574      ,   0.0000000000000000      ,   183.51520344444572      ,   0.0000000000000000      ,  -7.7363451758956643      ,  0.99966177379654486      ,   0.0000000000000000      ,  -2.6006499378914725E-002 ,   0.0000000000000000     
  0.94000000000000061      ,   186.67986418736817      ,   0.0000000000000000      ,   2.2557962878355773      ,   0.0000000000000000      , -0.13094529162260141      ,   0.0000000000000000      ,   185.37924325505347      ,   0.0000000000000000      ,  -7.6158863117116864      ,  0.99964487372432687      ,   0.0000000000000000      ,  -2.6648197625258135E-002 ,   0.0000000000000000     
  0.95000000000000062      ,   186.48084255316849      ,   0.0000000000000000      ,   2.3226690493604343      ,   0.0000000000000000      , -0.13618742115109994      ,   0.0000000000000000      ,   187.24109452132743      ,   0.0000000000000000      ,  -7.4923782141256794      ,  0.99962685578829324      ,   0.0000000000000000      ,  -2.7315731489580677E-002 ,   0.0000000000000000     
  0.96000000000000063      ,   186.28251519813040      ,   0.0000000000000000      ,   2.3797591816570129      ,   0.0000000000000000      , -0.14154566459849119      ,   0.0000000000000000      ,   189.10075780278436      ,   0.0000000000000000      ,  -7.3658253107162048      ,  0.99960764979975103      ,   0.0000000000000000      ,  -2.8009756546929571E-002 ,   0.0000000000000000     
  0.97000000000000064      ,   186.08494747209431      ,   0.0000000000000000      ,   2.4269207831367141      ,   0.0000000000000000      , -0.14698920654499778      ,   0.0000000000000000      ,   190.95823416722683      ,   0.0000000000000000      ,  -7.2362318868884206      ,  0.99958718609799890      ,   0.0000000000000000      ,  -2.8730774244431170E-002 ,   0.0000000000000000     
  0.98000000000000065      ,   185.88820758094596      ,   0.0000000000000000      ,   2.4640658381830765      ,   0.0000000000000000      , -0.15248734901010244      ,   0.0000000000000000      ,   192.81352524533349      ,   0.0000000000000000      ,  -7.1036020782513729      ,  0.99956539594618499      ,   0.0000000000000000      ,  -2.9479132058906458E-002 ,   0.0000000000000000     
  0.99000000000000066      ,   185.69236528315363      ,   0.0000000000000000      ,   2.4911634190298755      ,   0.0000000000000000      , -0.15800967955097001      ,   0.0000000000000000      ,   194.66663327378456      ,   0.0000000000000000      ,  -6.9679398640833545      ,  0.99954221196102455      ,   0.0000000000000000      ,  -3.0255024509369052E-002 ,   0.0000000000000000     
   1.0000000000000007      ,   185.49749059538840      ,   0.0000000000000000      ,   2.5082385852015161      ,   0.0000000000000000      , -0.16352623357448740      ,   0.0000000000000000      ,   196.51756112638944      ,   0.0000000000000000      ,  -6.8292490620090804      ,  0.99951756857419727      ,   0.0000000000000000      ,  -3.1058494997743186E-002 ,   0.0000000000000000     
   1.0100000000000007      ,   185.30365253337715      ,   0.0000000000000000      ,   2.5153709969187368      ,   0.0000000000000000      , -0.16900765009161448      ,   0.0000000000000000      ,   198.36631233294878      ,   0.0000000000000000      ,  -6.6875333239948391      ,  0.99949140252206736      ,   0.0000000000000000      ,  -3.1889438447088581E-002 ,   0.0000000000000000     
   1.0200000000000007      ,   185.11091791236825      ,   0.0000000000000000      ,   2.5126932600917340      ,   0.0000000000000000      , -0.17442532021419549      ,   0.0000000000000000      ,   200.21289108584361      ,   0.0000000000000000      ,  -6.5427961337476566      ,  0.99946365335925136      ,   0.0000000000000000      ,  -3.2747604702912637E-002 ,   0.0000000000000000     
   1.0300000000000007      ,   184.91935022937088      ,   0.0000000000000000      ,   2.5003890214847813      ,   0.0000000000000000      , -0.17975152776760436      ,   0.0000000000000000      ,   202.05730223459585      ,   0.0000000000000000      ,  -6.3950408055822612      ,  0.99943426399054791      ,   0.0000000000000000      ,  -3.3632602659799692E-002 ,   0.0000000000000000     
   1.0400000000000007      ,   184.72900864673028      ,   0.0000000000000000      ,   2.4786908333499622      ,   0.0000000000000000      , -0.18495958146649399      ,   0.0000000000000000      ,   203.89955126888009      ,   0.0000000000000000      ,  -6.2442704847958783      ,  0.99940318121483651      ,   0.0000000000000000      ,  -3.4543905072598156E-002 ,   0.0000000000000000     
   1.0500000000000007      ,   184.53994709370045      ,   0.0000000000000000      ,   2.4478778073077758      ,   0.0000000000000000      , -0.19002393817448462      ,   0.0000000000000000      ,   205.73964429068283      ,   0.0000000000000000      ,  -6.0904881495660943      ,  0.99937035627379289      ,   0.0000000000000000      ,  -3.5480854008781357E-002 ,   0.0000000000000000     
   1.0600000000000007      ,   184.35221349954736      ,   0.0000000000000000      ,   2.4082730775191799      ,   0.0000000000000000      , -0.19492031684096867      ,   0.0000000000000000      ,   207.57758797649993      ,   0.0000000000000000      ,  -5.9336966143618621      ,  0.99933574539765313      ,   0.0000000000000000      ,  -3.6442666896331986E-002 ,   0.0000000000000000     
   1.0700000000000007      ,   184.16584916844118      ,   0.0000000000000000      ,   2.3602410932711311      ,   0.0000000000000000      , -0.19962580277857325      ,   0.0000000000000000      ,   209.41338953062908      ,   0.0000000000000000      ,  -5.7738985348326652      ,  0.99929931033982200      ,   0.0000000000000000      ,  -3.7428443119588664E-002 ,   0.0000000000000000     
   1.0800000000000007      ,   183.98088830305034      ,   0.0000000000000000      ,   2.3041847610124728      ,   0.0000000000000000      , -0.20411894201259628      ,   0.0000000000000000      ,   211.24705663075400      ,   0.0000000000000000      ,  -5.6110964141165356      ,  0.99926101889184038      ,   0.0000000000000000      ,  -3.8437171113922773E-002 ,   0.0000000000000000     
   1.0900000000000007      ,   183.79735768040746      ,   0.0000000000000000      ,   2.2405424556569509      ,   0.0000000000000000      , -0.20837982549846223      ,   0.0000000000000000      ,   213.07859736712462      ,   0.0000000000000000      ,  -5.4452926104844899      ,  0.99922084537014522      ,   0.0000000000000000      ,  -3.9467735908874972E-002 ,   0.0000000000000000     
   1.1000000000000008      ,   183.61527648034871      ,   0.0000000000000000      ,   2.1697849206431066      ,   0.0000000000000000      , -0.21239016306462064      ,   0.0000000000000000      ,   214.90802017671504      ,   0.0000000000000000      ,  -5.2764893462175673      ,  0.99917877106612973      ,   0.0000000000000000      ,  -4.0518927068456119E-002 ,   0.0000000000000000     
   1.1100000000000008      ,   183.43465626369590      ,   0.0000000000000000      ,   2.0924120758334643      ,   0.0000000000000000      , -0.21613334699617226      ,   0.0000000000000000      ,   216.73533377378737      ,   0.0000000000000000      ,  -5.1046887175933726      ,  0.99913478465128658      ,   0.0000000000000000      ,  -4.1589446976693763E-002 ,   0.0000000000000000     
   1.1200000000000008      ,   183.25550109441423      ,   0.0000000000000000      ,   2.0089497518723163      ,   0.0000000000000000      , -0.21959450522882004      ,   0.0000000000000000      ,   218.56054707830307      ,   0.0000000000000000      ,  -4.9298927058422946      ,  0.99908888252963124      ,   0.0000000000000000      ,  -4.2677919416164674E-002 ,   0.0000000000000000     
   1.1300000000000008      ,   183.07780779728878      ,   0.0000000000000000      ,   1.9199463691239325      ,   0.0000000000000000      , -0.22276054417358304      ,   0.0000000000000000      ,   220.38366914360958      ,   0.0000000000000000      ,  -4.7521031889196754      ,  0.99904106913020241      ,   0.0000000000000000      ,  -4.3782898387181989E-002 ,   0.0000000000000000     
   1.1400000000000008      ,   182.90156634026152      ,   0.0000000000000000      ,   1.8259695787990291      ,   0.0000000000000000      , -0.22562018124025196      ,   0.0000000000000000      ,   222.20470908478529      ,   0.0000000000000000      ,  -4.5713219539293641      ,  0.99899135713315945      ,   0.0000000000000000      ,  -4.4902877115485719E-002 ,   0.0000000000000000     
   1.1500000000000008      ,   182.72676032849421      ,   0.0000000000000000      ,   1.7276028833604717      ,   0.0000000000000000      , -0.22816396717204251      ,   0.0000000000000000      ,   224.02367600895693      ,   0.0000000000000000      ,  -4.3875507100265443      ,  0.99893976762386261      ,   0.0000000000000000      ,  -4.6036297196704420E-002 ,   0.0000000000000000     
   1.1600000000000008      ,   182.55336759549814      ,   0.0000000000000000      ,   1.6254422527889434      ,   0.0000000000000000      , -0.23038429834560117      ,   0.0000000000000000      ,   225.84057894880900      ,   0.0000000000000000      ,  -4.2007911016234951      ,  0.99888633017028761      ,   0.0000000000000000      ,  -4.7181557826499014E-002 ,   0.0000000000000000     
   1.1700000000000008      ,   182.38136087531743      ,   0.0000000000000000      ,   1.5200927527908488      ,   0.0000000000000000      , -0.23227541922974138      ,   0.0000000000000000      ,   227.65542680039118      ,   0.0000000000000000      ,  -4.0110447217211407      ,  0.99883108282019029      ,   0.0000000000000000      ,  -4.8337025066156704E-002 ,   0.0000000000000000     
   1.1800000000000008      ,   182.21070853877976      ,   0.0000000000000000      ,   1.4121652005452172      ,   0.0000000000000000      , -0.23383341523333936      ,   0.0000000000000000      ,   229.46822826619734      ,   0.0000000000000000      ,  -3.8183131251917368      ,  0.99877407201557067      ,   0.0000000000000000      ,  -4.9501041094461490E-002 ,   0.0000000000000000     
   1.1900000000000008      ,   182.04137537624140      ,   0.0000000000000000      ,   1.3022728631113374      ,   0.0000000000000000      , -0.23505619620797943      ,   0.0000000000000000      ,   231.27899180434318      ,   0.0000000000000000      ,  -3.6225978418437941      ,  0.99871535242316012      ,   0.0000000000000000      ,  -5.0671933397918693E-002 ,   0.0000000000000000     
   1.2000000000000008      ,   181.87332340904507      ,   0.0000000000000000      ,   1.1910282131487304      ,   0.0000000000000000      , -0.23594347090445211      ,   0.0000000000000000      ,   233.08772558451338      ,   0.0000000000000000      ,  -3.4239003891091202      ,  0.99865498668086305      ,   0.0000000000000000      ,  -5.1848023852846044E-002 ,   0.0000000000000000     
   1.2100000000000009      ,   181.70651271207120      ,   0.0000000000000000      ,   1.0790397561278287      ,   0.0000000000000000      , -0.23649671271426445      ,   0.0000000000000000      ,   234.89443745118447      ,   0.0000000000000000      ,  -3.2222222842034363      ,  0.99859304506129420      ,   0.0000000000000000      ,  -5.3027637654454431E-002 ,   0.0000000000000000     
   1.2200000000000009      ,   181.54090223027478      ,   0.0000000000000000      ,  0.96690894272361705      ,   0.0000000000000000      , -0.23671911705805077      ,   0.0000000000000000      ,   236.69913489446253      ,   0.0000000000000000      ,  -3.0175650556261191      ,  0.99852960505473765      ,   0.0000000000000000      ,  -5.4209112049820422E-002 ,   0.0000000000000000     
   1.2300000000000009      ,   181.37645057293926      ,   0.0000000000000000      ,  0.85522717957480077      ,   0.0000000000000000      , -0.23661555081223209      ,   0.0000000000000000      ,   238.50182502870757      ,   0.0000000000000000      ,  -2.8099302538808670      ,  0.99846475087500552      ,   0.0000000000000000      ,  -5.5390804833592808E-002 ,   0.0000000000000000     
   1.2400000000000009      ,   181.21311677051418      ,   0.0000000000000000      ,  0.74457295104684484      ,   0.0000000000000000      , -0.23619249419345689      ,   0.0000000000000000      ,   240.30251457895235      ,   0.0000000000000000      ,  -2.5993194613171129      ,  0.99839857289276623      ,   0.0000000000000000      ,  -5.6571102567368782E-002 ,   0.0000000000000000     
   1.2500000000000009      ,   181.05086098030262      ,   0.0000000000000000      ,  0.63550906404808771      ,   0.0000000000000000      , -0.23545797554718642      ,   0.0000000000000000      ,   242.10120987496651      ,   0.0000000000000000      ,  -2.3857343010114014      ,  0.99833116700191582      ,   0.0000000000000000      ,  -5.7748428485914147E-002 ,   0.0000000000000000     
   1.2600000000000009      ,   180.88964512888765      ,   0.0000000000000000      ,  0.52858002730480758      ,   0.0000000000000000      , -0.23442149951212807      ,   0.0000000000000000      ,   243.89791685266869      ,   0.0000000000000000      ,  -2.1691764446282682      ,  0.99826263392549397      ,   0.0000000000000000      ,  -5.8921250055777717E-002 ,   0.0000000000000000     
   1.2700000000000009      ,   180.72943348099398      ,   0.0000000000000000      ,  0.42430957579613843      ,   0.0000000000000000      , -0.23309396905587740      ,   0.0000000000000000      ,   245.69264106245464      ,   0.0000000000000000      ,  -1.9496476192209613      ,  0.99819307846844307      ,   0.0000000000000000      ,  -6.0088086154351891E-002 ,   0.0000000000000000     
   1.2800000000000009      ,   180.57019312642839      ,   0.0000000000000000      ,  0.32319835027780114      ,   0.0000000000000000      , -0.23148760189887213      ,   0.0000000000000000      ,   247.48538768388781      ,   0.0000000000000000      ,  -1.7271496129531831      ,  0.99812260872520708      ,   0.0000000000000000      ,  -6.1247513840049797E-002 ,   0.0000000000000000     
   1.2900000000000009      ,   180.41189437878441      ,   0.0000000000000000      ,  0.22572174098199210      ,   0.0000000000000000      , -0.22961584186332776      ,   0.0000000000000000      ,   249.27616154609436      ,   0.0000000000000000      ,  -1.5016842797434689      ,  0.99805133525071343      ,   0.0000000000000000      ,  -6.2398174686990569E-002 ,   0.0000000000000000     
   1.3000000000000009      ,   180.25451108168934      ,   0.0000000000000000      ,  0.13232790366943442      ,   0.0000000000000000      , -0.22749326570093897      ,   0.0000000000000000      ,   251.06496715311835      ,   0.0000000000000000      ,  -1.2732535428534182      ,  0.99797937020370830      ,   0.0000000000000000      ,  -6.3538780660395783E-002 ,   0.0000000000000000     
   1.3100000000000009      ,   180.09802082046946      ,   0.0000000000000000      ,   4.3435955231332049E-002 ,   0.0000000000000000      , -0.22513548596751842      ,   0.0000000000000000      ,   252.85180871342436      ,   0.0000000000000000      ,  -1.0418593974593875      ,  0.99790682647169493      ,   0.0000000000000000      ,  -6.4668119511786290E-002 ,   0.0000000000000000     
   1.3200000000000010      ,   179.94240503916882      ,   0.0000000000000000      ,  -4.0565645000732953E-002 ,   0.0000000000000000      , -0.22255905052414368      ,   0.0000000000000000      ,   254.63669017268751      ,   0.0000000000000000      , -0.80750391226404572      ,  0.99783381678685523      ,   0.0000000000000000      ,  -6.5785059676013252E-002 ,   0.0000000000000000     
   1.3300000000000010      ,   179.78764906483801      ,   0.0000000000000000      , -0.11932052317205531      ,   0.0000000000000000      , -0.21978133925256194      ,   0.0000000000000000      ,   256.41961524898159      ,   0.0000000000000000      , -0.57018923021910073      ,  0.99776045284233728      ,   0.0000000000000000      ,  -6.6888554655143664E-002 ,   0.0000000000000000     
   1.3400000000000010      ,   179.63374204287317      ,   0.0000000000000000      , -0.19250562412064859      ,   0.0000000000000000      , -0.21682045857736579      ,   0.0000000000000000      ,   258.20058746946819      ,   0.0000000000000000      , -0.32991756844323594      ,  0.99768684441814437      ,   0.0000000000000000      ,  -6.7977646877230291E-002 ,   0.0000000000000000     
   1.3500000000000010      ,   179.48067678889805      ,   0.0000000000000000      , -0.25983224713063369      ,   0.0000000000000000      , -0.21369513438866020      ,   0.0000000000000000      ,   259.97961020769952      ,   0.0000000000000000      ,  -8.6691217429641726E-002 ,  0.99761309852559310      ,   0.0000000000000000      ,  -6.9051471021009850E-002 ,   0.0000000000000000     
   1.3600000000000010      ,   179.32844985456757      ,   0.0000000000000000      , -0.32104688582408836      ,   0.0000000000000000      , -0.21042460883434910      ,   0.0000000000000000      ,   261.75668672135907      ,   0.0000000000000000      ,  0.15948746044819226      ,  0.99753931857850597      ,   0.0000000000000000      ,  -7.0109256806289072E-002 ,   0.0000000000000000     
